"year","age_group","sex","Oral","Endometrium","Pancreas","Gallbladder","Colorectum","Liver","Kidney","Thyroid","MultipleMyeloma","Breast"
2009,"20-49","Men",0.650193659489329,0,0.359774928055267,0.106785788208119,0.451121388660601,0.422320943855885,0.185495829814087,0.0909290336608932,0.0873285517793063,0.134673167514325
2009,"20-49","Women",0.550357781424517,0.3081173435496,0.311351771825642,0.18866646657086,0.389633365453409,0.397834316924037,0.244544387897286,0.0823149557537231,0.0757117696392511,0.0984907023470721
2009,"50+","Men",0.61823885000233,0,0.336105094936127,0.148802673158289,0.49772723056089,0.488712901013278,0.232131642077591,0.116808823498809,0.109369709804845,0.14743070265913
2009,"50+","Women",0.478111268355578,0.374029452379864,0.284005638356548,0.237663861269693,0.429051678927923,0.418914449660847,0.302429940493526,0.107276059582249,0.0987496695252665,0.17227331628269
