"year","age_group","sex","Oral","Endometrium","Pancreas","Gallbladder","Colorectum","Liver","Kidney","Thyroid","MultipleMyeloma","Breast"
2009,"All","Men",0.637131602535925,0,0.349744948103923,0.125320532928318,0.472272231564664,0.452596378637414,0.206195054794888,0.102224001671582,0.0969248149347359,0
2009,"All","Women",0.51917281572851,0.339316987015264,0.299164619839371,0.211396787398257,0.407807564253288,0.40748488740245,0.271647162229414,0.0936788284966172,0.0861855899438423,0.163848422788146
