"year","age_group","sex","Oral","Endometrium","Pancreas","Gallbladder","Colorectum","Liver","Kidney","Thyroid","MultipleMyeloma","Breast"
2009,"All","Men",0.63934808504686,0,0.202862806715318,0.0995458624656485,0.472805389723966,0.458059311509126,0.255148851128126,0.0384645129017668,0.0969248149347359,0
2009,"All","Women",0.512952730520308,0.481973503813562,0.221224718704711,0.214390217031836,0.407630016291322,0.410694174148895,0.28056698093954,0.0288200294250715,0.0861855899438423,0.166305441347925
