"year","age_group","sex","Oral","Endometrium","Pancreas","Gallbladder","Colorectum","Liver","Kidney","Thyroid","MultipleMyeloma","Breast"
2009,"20-49","Men",0.657577885495874,0,0.213981602804547,0.0841026560732505,0.453845056501847,0.429984725680833,0.233209648442672,0.0367292069220739,0.0873285517793063,0.140085973430897
2009,"20-49","Women",0.547593498773711,0.446510641345833,0.232920704002318,0.191516230293878,0.392526403419901,0.401125405870644,0.252886684653061,0.0252410400501877,0.0757117696392511,0.0981819462197532
2009,"50+","Men",0.613821878409045,0,0.188318243909893,0.119288627861313,0.497341768518821,0.491887873672658,0.282434116439266,0.0407575511381359,0.109369709804845,0.144895334444832
2009,"50+","Women",0.467035514574554,0.51980808411311,0.207028136727169,0.240811142639093,0.423079437647577,0.422013364150064,0.311924208468943,0.0331923444611051,0.0987496695252665,0.173240123170001
